,open,high,low,close,volume,edit_count,sentiment,neg_sentiment,tomorrow,target
2018-02-13 00:00:00+00:00,1.0008000135421753,1.0086499452590942,0.9959310293197632,1.001099944114685,2226759936,3.1666666666666665,-0.2385204189850224,0.5961111111111111,1.0051900148391724,1
2018-02-18 00:00:00+00:00,1.004680037498474,1.0161900520324707,0.9988319873809814,1.0051900148391724,3124179968,2.7333333333333334,-0.2739160824981,0.6138888888888889,1.0009700059890747,0
2018-02-21 00:00:00+00:00,1.0053600072860718,1.010390043258667,0.9886990189552308,1.0009700059890747,3459830016,2.7666666666666666,-0.3068085841834545,0.6305555555555556,1.0028400421142578,1
2018-02-24 00:00:00+00:00,1.001139998435974,1.0140000581741333,0.9938870072364808,1.0028400421142578,2417710080,2.833333333333333,-0.3016980342566967,0.6305555555555556,1.0003399848937988,0
2018-02-25 00:00:00+00:00,1.00478994846344,1.008999943733215,0.9962289929389954,1.0003399848937988,1968850048,2.833333333333333,-0.3028999135726027,0.6305555555555554,0.9995610117912292,0
2018-02-26 00:00:00+00:00,0.9976639747619628,1.0095200538635254,0.9896770119667052,0.9995610117912292,2362210048,2.833333333333333,-0.3611237631075912,0.6638888888888889,1.0008699893951416,1
2018-03-03 00:00:00+00:00,0.995248019695282,1.0061899423599243,0.9934769868850708,1.0008699893951416,2181489920,2.833333333333333,-0.3610532726678583,0.6638888888888889,1.005910038948059,1
2018-03-08 00:00:00+00:00,1.0015300512313845,1.0113400220870972,0.9857339859008788,1.005910038948059,2636689920,2.833333333333333,-0.3347295816573831,0.6472222222222221,1.0051900148391724,0
2018-03-10 00:00:00+00:00,0.9976069927215576,1.0134799480438232,0.9949359893798828,1.0051900148391724,2218810112,2.9,-0.3345437368585003,0.6499999999999999,1.0038399696350098,0
2018-03-11 00:00:00+00:00,1.003469944000244,1.0135600566864014,0.994709014892578,1.0038399696350098,2394810112,3.0,-0.3530740445686711,0.6583333333333333,0.999243974685669,0
2018-03-21 00:00:00+00:00,0.9969379901885986,1.0090099573135376,0.9926469922065736,0.999243974685669,2353890048,3.033333333333333,-0.2888334677451186,0.625,0.9989820122718812,0
2018-03-22 00:00:00+00:00,0.999459981918335,1.01118004322052,0.9934679865837096,0.9989820122718812,2171849984,3.033333333333333,-0.2891279266112381,0.625,1.0090999603271484,1
2018-03-24 00:00:00+00:00,1.00163996219635,1.0090999603271484,0.9942989945411682,1.0090999603271484,1785500032,3.1,-0.2729441529346837,0.6166666666666667,0.9996860027313232,0
2018-03-25 00:00:00+00:00,1.0001200437545776,1.0101799964904783,0.9944819808006288,0.9996860027313232,1511320064,3.1,-0.333354952517483,0.65,1.000830054283142,1
2018-04-04 00:00:00+00:00,1.003980040550232,1.0145200490951538,0.9942700266838074,1.000830054283142,1772329984,3.1,-0.3325668996406926,0.65,0.9975550174713136,0
2018-04-09 00:00:00+00:00,0.9975410103797911,1.0089000463485718,0.9933930039405824,0.9975550174713136,1678770048,3.033333333333333,-0.3726068628331025,0.6722222222222222,1.0006799697875977,1
2018-05-29 00:00:00+00:00,0.9992700219154358,1.009809970855713,0.9857900142669678,1.0006799697875977,3003919872,3.033333333333333,-0.3699874135355154,0.6722222222222222,1.0035300254821775,1
2018-06-13 00:00:00+00:00,1.0047500133514404,1.0257699489593506,0.9943159818649292,1.0035300254821775,3056750080,3.033333333333333,-0.3699564807116985,0.6722222222222222,1.0028300285339355,0
2018-06-18 00:00:00+00:00,1.0033899545669556,1.01118004322052,0.9911640286445618,1.0028300285339355,2073910016,3.066666666666667,-0.3989806078374386,0.6888888888888888,1.0051000118255615,1
2018-06-24 00:00:00+00:00,0.9988750219345092,1.0224900245666504,0.9717360138893129,1.0051000118255615,3952620032,2.966666666666667,-0.4136843428843552,0.6944444444444445,1.0006200075149536,0
2018-06-25 00:00:00+00:00,1.004870057106018,1.0089099407196045,0.9847189784049988,1.0006200075149536,3956019968,3.066666666666667,-0.4701011528405878,0.7277777777777779,0.9979349970817566,0
2018-06-27 00:00:00+00:00,1.0023900270462036,1.0062099695205688,0.9814839959144592,0.9979349970817566,2055360000,3.0,-0.5116590774556001,0.75,0.9971929788589478,0
2018-06-28 00:00:00+00:00,0.9988229870796204,1.0044000148773191,0.9897890090942384,0.9971929788589478,2331049984,2.966666666666667,-0.5290119535227616,0.7666666666666667,1.0033299922943115,1
2018-06-29 00:00:00+00:00,0.996047019958496,1.0117000341415403,0.9902610182762146,1.0033299922943115,2482319872,2.933333333333333,-0.562587113827467,0.7833333333333333,1.0003199577331543,0
2018-07-03 00:00:00+00:00,0.997444987297058,1.0036799907684326,0.995343029499054,1.0003199577331543,2786769920,2.933333333333333,-0.562587113827467,0.7833333333333333,1.0001300573349,0
2018-07-17 00:00:00+00:00,1.002310037612915,1.0058399438858032,0.979781985282898,1.0001300573349,3620499968,2.933333333333333,-0.5634349680443604,0.7833333333333333,1.000040054321289,0
2018-07-21 00:00:00+00:00,1.0012999773025513,1.0042200088500977,0.995730996131897,1.000040054321289,2164900096,2.933333333333333,-0.5740066226820151,0.7833333333333333,1.0006599426269531,1
2018-08-02 00:00:00+00:00,0.9987459778785706,1.002769947052002,0.9951990246772766,1.0006599426269531,2539460000,2.966666666666667,-0.5729989376167456,0.7833333333333333,0.9985049962997437,0
2018-08-04 00:00:00+00:00,1.000190019607544,1.0045599937438965,0.993336021900177,0.9985049962997437,2526060000,2.8666666666666667,-0.5730874207119147,0.7833333333333333,0.9977610111236572,0
2018-08-17 00:00:00+00:00,1.0039000511169434,1.0119999647140503,0.9940580129623412,0.9977610111236572,3783430000,2.2,-0.5930725500649877,0.7944444444444445,1.0028599500656128,1
2018-08-18 00:00:00+00:00,1.0024199485778809,1.0140000581741333,0.9964780211448668,1.0028599500656128,3247510000,2.1,-0.5773997521069315,0.7833333333333333,1.0053900480270386,1
2018-08-20 00:00:00+00:00,1.000190019607544,1.0173900127410889,0.9970070123672484,1.0053900480270386,2596870000,2.066666666666667,-0.5777377034889327,0.7833333333333333,1.0006999969482422,0
2018-08-21 00:00:00+00:00,1.008139967918396,1.008270025253296,0.9953640103340148,1.0006999969482422,2350790000,2.0,-0.5779706132743094,0.7833333333333333,1.0010000467300415,1
2018-08-25 00:00:00+00:00,0.998537003993988,1.0038199424743652,0.9952679872512816,1.0010000467300415,1958700000,1.9333333333333331,-0.6412956885827913,0.8166666666666667,0.9978020191192628,0
2018-08-27 00:00:00+00:00,1.00163996219635,1.006410002708435,0.9832109808921814,0.9978020191192628,2718980000,1.9,-0.578579823407862,0.7833333333333333,1.007949948310852,1
2018-09-05 00:00:00+00:00,0.9998559951782228,1.030769944190979,0.9973980188369752,1.007949948310852,4000180000,1.9,-0.578410889936818,0.7833333333333333,1.0009100437164309,0
2018-09-06 00:00:00+00:00,1.006350040435791,1.033310055732727,0.989162027835846,1.0009100437164309,3695980000,1.9333333333333331,-0.5452294868561957,0.7666666666666667,1.004979968070984,1
2018-09-09 00:00:00+00:00,1.0023399591445925,1.0157999992370603,0.9683539867401124,1.004979968070984,2470930000,1.9,-0.5743768942687246,0.7833333333333333,1.0012500286102295,0
2018-09-12 00:00:00+00:00,1.003159999847412,1.0136799812316897,0.989434003829956,1.0012500286102295,2512200000,1.7333333333333334,-0.5840501420034303,0.788888888888889,1.006350040435791,1
2018-09-13 00:00:00+00:00,1.000730037689209,1.0093899965286257,0.9869570136070251,1.006350040435791,3009780000,1.6333333333333333,-0.6297829436593586,0.8138888888888889,1.0009599924087524,0
2018-09-16 00:00:00+00:00,1.004390001296997,1.0140700340270996,0.9951850175857544,1.0009599924087524,2103110000,1.6666666666666667,-0.6485865938001208,0.825,1.0022499561309814,1
2018-09-18 00:00:00+00:00,1.0077999830245972,1.0077999830245972,0.9806230068206788,1.0022499561309814,2687350000,1.6666666666666667,-0.5832375772131814,0.7916666666666666,0.999512016773224,0
2018-09-23 00:00:00+00:00,0.996163010597229,1.0097500085830688,0.9927250146865844,0.999512016773224,2804770000,1.5666666666666669,-0.595182151330842,0.8,0.9996020197868348,1
2018-09-29 00:00:00+00:00,1.0023000240325928,1.006250023841858,0.9908360242843628,0.9996020197868348,3249000000,1.5666666666666669,-0.5949934410386616,0.8,1.0003600120544434,1
2018-09-30 00:00:00+00:00,1.001520037651062,1.0076500177383425,0.9910410046577454,1.0003600120544434,3307320000,1.6666666666666667,-0.5648493923081293,0.7833333333333333,0.9985690116882324,0
2018-10-03 00:00:00+00:00,1.0038700103759766,1.0090700387954712,0.9913949966430664,0.9985690116882324,2812780000,1.6666666666666667,-0.5643171844217513,0.7833333333333333,0.9966170191764832,0
2018-10-07 00:00:00+00:00,0.9979379773139954,1.003749966621399,0.9925529956817628,0.9966170191764832,2187670000,1.8666666666666667,-0.557822395809113,0.7785714285714286,0.9801380038261414,0
2018-10-15 00:00:00+00:00,0.9930840134620668,0.9930840134620668,0.9252840280532836,0.9801380038261414,5891700000,2.0,-0.5179481091575017,0.7585714285714286,0.9751520156860352,0
2018-10-16 00:00:00+00:00,0.979242980480194,0.9853579998016356,0.969406008720398,0.9751520156860352,2585550000,2.2,-0.5216275726731807,0.7627380952380953,0.987712025642395,1
2018-10-19 00:00:00+00:00,0.9812909960746764,0.9892839789390564,0.9780210256576538,0.987712025642395,2322570000,2.2333333333333334,-0.5410238559023728,0.7766269841269842,0.983830988407135,0
2018-10-20 00:00:00+00:00,0.9882410168647766,0.9908769726753236,0.9776009917259216,0.983830988407135,2094040000,2.4,-0.5227221569395255,0.7666269841269842,0.9984530210494996,1
2018-10-28 00:00:00+00:00,0.9952229857444764,0.9988920092582704,0.9915480017662048,0.9984530210494996,1729890000,2.4,-0.5158303798214784,0.7666269841269842,0.9935010075569152,0
2018-11-02 00:00:00+00:00,0.9907140135765076,0.9961469769477844,0.976929008960724,0.9935010075569152,2373920000,2.4,-0.5273141663249523,0.7666269841269842,0.9994329810142516,1
2018-11-03 00:00:00+00:00,0.9930980205535888,1.0060499906539917,0.9928820133209229,0.9994329810142516,2117390000,2.4,-0.4692686320320954,0.7332936507936508,0.9971799850463868,0
2018-11-10 00:00:00+00:00,0.9953969717025756,0.998993992805481,0.9906629920005798,0.9971799850463868,2558040000,2.433333333333333,-0.5260705571349651,0.7666269841269842,0.9870269894599916,0
2018-11-16 00:00:00+00:00,0.983178973197937,0.992339015007019,0.9790350198745728,0.9870269894599916,3454560000,2.433333333333333,-0.4680380623515636,0.7332936507936508,0.9687989950180054,0
2018-11-20 00:00:00+00:00,0.9775540232658386,0.9930130243301392,0.9500139951705932,0.9687989950180054,5908970000,2.5,-0.4667108318185995,0.7332936507936508,0.9875040054321288,1
2018-11-21 00:00:00+00:00,0.9734479784965516,0.9964460134506226,0.96465802192688,0.9875040054321288,4348950000,2.533333333333333,-0.4675048315832539,0.7332936507936508,0.9802240133285522,0
2018-11-24 00:00:00+00:00,0.9818500280380248,0.9930220246315002,0.9648709893226624,0.9802240133285522,3549490000,2.6,-0.4465925035519259,0.7221825396825398,1.0155019760131836,1
2018-12-09 00:00:00+00:00,1.0171109437942505,1.0204050540924072,1.0085430145263672,1.0155019760131836,3210392369,2.5,-0.4482363658788658,0.7221825396825398,1.009793996810913,0
2018-12-11 00:00:00+00:00,1.0178240537643433,1.0216219425201416,1.0051300525665283,1.009793996810913,3002221768,2.466666666666667,-0.4524613841682199,0.7277380952380953,1.002197027206421,0
2018-12-14 00:00:00+00:00,1.0031720399856567,1.0083869695663452,0.9961869716644288,1.002197027206421,2751719689,2.566666666666667,-0.4047766838778578,0.7027380952380953,1.0190860033035278,1
2018-12-30 00:00:00+00:00,1.0305140018463137,1.0352729558944702,1.016392946243286,1.0190860033035278,3762583033,2.6,-0.3715987060774886,0.6860714285714287,1.0064820051193235,0
2019-02-14 00:00:00+00:00,1.0041860342025757,1.0104390382766724,1.0014630556106567,1.0064820051193235,4761618448,2.6333333333333333,-0.338346845339688,0.669404761904762,1.0116169452667236,1
2019-03-04 00:00:00+00:00,1.0086029767990112,1.0170429944992063,1.0073189735412598,1.0116169452667236,8129567032,2.6,-0.40195643646613,0.7027380952380953,1.0098010301589966,0
2019-03-15 00:00:00+00:00,1.0104340314865112,1.012645959854126,1.006139039993286,1.0098010301589966,8024364516,2.6,-0.3927194490342859,0.7027380952380953,1.0060889720916748,0
2019-04-22 00:00:00+00:00,1.0068310499191284,1.0111470222473145,1.0041769742965698,1.0060889720916748,12392918470,2.6,-0.3927270545869593,0.7027380952380953,1.0055639743804932,0
2019-04-24 00:00:00+00:00,1.0087909698486328,1.0189290046691897,1.00490403175354,1.0055639743804932,15689022306,2.6333333333333333,-0.3594495807398879,0.6860714285714287,0.9911029934883118,0
2019-04-26 00:00:00+00:00,0.9942020177841188,0.9965699911117554,0.9742059707641602,0.9911029934883118,15229200868,2.6666666666666665,-0.3029488786369089,0.6527380952380953,0.9947509765625,1
2019-04-27 00:00:00+00:00,0.991366982460022,0.997290015220642,0.9892330169677734,0.9947509765625,10698521526,2.6666666666666665,-0.3031194810380065,0.6527380952380953,0.9938730001449584,0
2019-04-28 00:00:00+00:00,0.9946569800376892,1.000095009803772,0.9922940135002136,0.9938730001449584,10548623452,2.6,-0.342792201470288,0.6749603174603176,1.0022759437561035,1
2019-05-05 00:00:00+00:00,1.0007989406585691,1.0049669742584229,0.9945949912071228,1.0022759437561035,12450308259,2.7666666666666666,-0.3642549492560682,0.6860714285714287,1.0049450397491455,1
2019-05-27 00:00:00+00:00,1.0112730264663696,1.030329942703247,1.0010080337524414,1.0049450397491455,27213312566,2.833333333333333,-0.3685947660912597,0.6860714285714287,1.0034730434417725,0
2019-05-31 00:00:00+00:00,1.0016200542449951,1.0066310167312622,0.9931820034980774,1.0034730434417725,25677215086,2.833333333333333,-0.3694370154847228,0.6860714285714287,1.005081057548523,1
2019-06-05 00:00:00+00:00,0.9957529902458192,1.0127350091934204,0.994517982006073,1.005081057548523,21458472361,2.7666666666666666,-0.4005266521681869,0.7027380952380953,1.0088520050048828,1
2019-07-18 00:00:00+00:00,1.0061570405960083,1.0118720531463623,0.9906349778175354,1.0088520050048828,26607023339,2.8,-0.3678053343603535,0.6860714285714287,1.0050380229949951,0
2019-07-20 00:00:00+00:00,1.0031219720840454,1.0149970054626465,0.9980990290641784,1.0050380229949951,21153364428,2.6333333333333333,-0.3443328367835945,0.6741666666666667,0.9984269738197328,0
2019-08-12 00:00:00+00:00,0.9975280165672302,1.002985954284668,0.9964630007743835,0.9984269738197328,14362593627,2.533333333333333,-0.3509321996735201,0.6775,1.0044310092926023,1
2019-09-26 00:00:00+00:00,1.0063879489898682,1.0203499794006348,0.9956439733505248,1.0044310092926023,22801049085,2.3,-0.3764792111184861,0.69,1.004245042800903,0
2019-10-02 00:00:00+00:00,1.0061789751052856,1.0082180500030518,1.0014009475708008,1.004245042800903,15811830977,2.2333333333333334,-0.3932288712925381,0.6983333333333334,1.0049480199813845,1
2019-10-03 00:00:00+00:00,1.004220962524414,1.0117160081863403,0.9989669919013976,1.0049480199813845,16169258787,1.9333333333333331,-0.3468674139844046,0.675,1.008841037750244,1
2019-10-04 00:00:00+00:00,1.0047160387039185,1.0123059749603271,1.0032999515533447,1.008841037750244,15728274369,2.1333333333333333,-0.3270618861156796,0.6607142857142857,1.0019320249557495,0
2019-10-05 00:00:00+00:00,1.0081360340118408,1.010388970375061,0.999737024307251,1.0019320249557495,14434599810,2.3,-0.3051451148494841,0.6496031746031746,1.0049420595169067,1
2019-10-13 00:00:00+00:00,1.0044080018997192,1.0166000127792358,1.000830054283142,1.0049420595169067,16192755686,2.3,-0.3631196878259144,0.682936507936508,1.004241943359375,0
2019-10-27 00:00:00+00:00,1.0017449855804443,1.012699007987976,0.977020025253296,1.004241943359375,40519447549,2.2666666666666666,-0.3645728470787169,0.682936507936508,1.0120079517364502,1
2019-11-18 00:00:00+00:00,1.0085179805755615,1.021420955657959,1.0048010349273682,1.0120079517364502,24102161964,2.3,-0.3935535552009703,0.6996031746031746,1.0042530298233032,0
2019-12-09 00:00:00+00:00,1.0065159797668457,1.0122640132904053,0.9975680112838744,1.0042530298233032,19283208376,2.2333333333333334,-0.3400126459106566,0.6662698412698412,0.9984089732170104,0
2020-01-23 00:00:00+00:00,1.000722050666809,1.005092978477478,0.9963449835777284,0.9984089732170104,33631459310,2.1666666666666665,-0.2746733316353389,0.6329365079365079,1.0007599592208862,1
2020-01-28 00:00:00+00:00,1.0020140409469604,1.008239984512329,0.9910669922828674,1.0007599592208862,44123906993,2.2333333333333334,-0.2850640582281445,0.6373809523809524,1.0014729499816897,1
2020-02-09 00:00:00+00:00,0.9994410276412964,1.0080289840698242,0.9955700039863586,1.0014729499816897,44977724508,2.2333333333333334,-0.2203580664831494,0.604047619047619,0.9970890283584596,0
2020-02-28 00:00:00+00:00,0.9987890124320984,1.0111329555511477,0.9919329881668092,0.9970890283584596,56902235264,2.2,-0.2536682990429893,0.6207142857142857,0.999629020690918,1
2020-03-13 00:00:00+00:00,1.0396050214767456,1.0848020315170288,0.8994899988174438,0.999629020690918,99315334323,2.1,-0.3015385247506792,0.6457142857142857,1.006742000579834,1
2020-04-17 00:00:00+00:00,1.002485990524292,1.0105359554290771,0.9959400296211244,1.006742000579834,43011919954,2.1,-0.2681782511113182,0.629047619047619,1.0077040195465088,1
2020-04-19 00:00:00+00:00,1.000627040863037,1.017168045043945,0.9991509914398192,1.0077040195465088,44414316787,2.1,-0.2722199010092115,0.629047619047619,1.0013630390167236,0
2020-06-21 00:00:00+00:00,0.9986810088157654,1.0046629905700684,0.9962350130081176,1.0013630390167236,18590123868,2.1,-0.2715286520360008,0.629047619047619,1.000303030014038,0
2020-06-24 00:00:00+00:00,1.0028109550476074,1.0117460489273071,0.9967250227928162,1.000303030014038,25367004473,2.1,-0.2809090144672091,0.629047619047619,0.998898983001709,0
2020-07-05 00:00:00+00:00,1.0002340078353882,1.005642056465149,0.9968460202217102,0.998898983001709,18453609716,2.066666666666667,-0.3083281663296714,0.6457142857142857,1.0030750036239624,1
2020-07-09 00:00:00+00:00,0.9998909831047058,1.0067369937896729,0.997530996799469,1.0030750036239624,24559681375,2.033333333333333,-0.341541229410777,0.6623809523809523,0.9999859929084778,0
2020-07-10 00:00:00+00:00,1.0030490159988403,1.0044870376586914,0.9927480220794678,0.9999859929084778,19416307998,2.033333333333333,-0.403709795796682,0.6957142857142856,0.9989929795265198,0
2020-07-24 00:00:00+00:00,0.9982550144195556,1.0038180351257324,0.9970009922981262,0.9989929795265198,22338273101,2.1666666666666665,-0.3896163693306938,0.689047619047619,1.0013020038604736,1
2020-10-12 00:00:00+00:00,1.0007840394973757,1.001315951347351,1.0005979537963867,1.0013020038604736,45422749776,2.2,-0.3305113982397412,0.6557142857142857,1.0005090236663818,0
2020-11-12 00:00:00+00:00,1.000985026359558,1.0014359951019287,1.0004210472106934,1.0005090236663818,43616955783,2.066666666666667,-0.3743239817922077,0.677936507936508,1.000427007675171,0
2020-11-20 00:00:00+00:00,1.0007810592651367,1.0008620023727417,1.0002119541168213,1.000427007675171,58285960281,2.0,-0.3162269384898836,0.6446031746031746,0.9999790191650392,0
2020-12-16 00:00:00+00:00,1.0009180307388306,1.0021779537200928,0.9976850152015686,0.9999790191650392,65892006749,2.0,-0.251952168468445,0.6112698412698413,0.9985899925231934,0
2020-12-29 00:00:00+00:00,0.9986140131950378,0.9990540146827698,0.9983710050582886,0.9985899925231934,76792619209,2.033333333333333,-0.251657101634949,0.6112698412698413,0.999845027923584,1
2021-01-15 00:00:00+00:00,0.99897700548172,1.0001670122146606,0.9985640048980712,0.999845027923584,112214718054,2.0,-0.2848265192149177,0.6279365079365079,1.00041401386261,1
2021-01-17 00:00:00+00:00,1.000226974487305,1.0007230043411257,0.9992120265960692,1.00041401386261,91132972168,2.0,-0.3174908202129697,0.6446031746031746,1.0006860494613647,1
2021-01-20 00:00:00+00:00,1.000412940979004,1.0008549690246582,0.9988610148429872,1.0006860494613647,115893865966,1.9666666666666663,-0.285283870621333,0.6279365079365079,0.9996960163116456,0
2021-01-21 00:00:00+00:00,1.0006970167160034,1.000818967819214,0.9981439709663392,0.9996960163116456,125636003892,2.0,-0.2561308514314984,0.6112698412698413,1.0010809898376465,1
2021-01-26 00:00:00+00:00,0.9999529719352722,1.0018260478973389,0.9999160170555116,1.0010809898376465,101647526020,2.0,-0.2234072378514305,0.5946031746031746,1.0001310110092163,0
2021-02-05 00:00:00+00:00,1.0007879734039309,1.0015740394592283,0.9999619722366332,1.0001310110092163,116242339499,2.0,-0.2316535841661786,0.5946031746031746,1.0011290311813354,1
2021-02-06 00:00:00+00:00,1.0001269578933716,1.002163052558899,1.000067949295044,1.0011290311813354,121039422025,1.8,-0.2586782756116655,0.6088888888888889,1.000331997871399,0
2021-02-21 00:00:00+00:00,1.0000799894332886,1.000825047492981,0.9997659921646118,1.000331997871399,102446076715,1.6333333333333333,-0.2807517276207605,0.62,1.0001109838485718,0
2021-02-22 00:00:00+00:00,1.0003119707107544,1.0004730224609375,0.9989780187606812,1.0001109838485718,169690403440,1.6666666666666667,-0.2226115610202153,0.5866666666666667,1.0000319480895996,0
2021-02-23 00:00:00+00:00,1.000167965888977,1.0005420446395874,0.9974129796028136,1.0000319480895996,195964923867,1.7,-0.1576080467303593,0.5533333333333333,0.9999939799308776,0
2021-02-26 00:00:00+00:00,1.0000749826431274,1.000378966331482,0.9987260103225708,0.9999939799308776,124624106848,1.7,-0.1857028569777806,0.5700000000000001,1.0004090070724487,1
2021-03-01 00:00:00+00:00,1.0020869970321655,1.0023319721221924,1.0004090070724487,1.0004090070724487,96252860017,1.7,-0.2383650706211725,0.6033333333333334,1.0004169940948486,1
2021-03-03 00:00:00+00:00,1.001039981842041,1.0010989904403689,0.999978005886078,1.0004169940948486,94786928488,1.7333333333333334,-0.303800088763237,0.6366666666666667,1.000432014465332,1
2021-03-08 00:00:00+00:00,1.0003130435943604,1.0007870197296145,1.0001410245895386,1.000432014465332,88859705060,1.6,-0.2534501586357752,0.61,1.0006680488586426,1
2021-03-09 00:00:00+00:00,1.000419020652771,1.0008419752120972,1.000120997428894,1.0006680488586426,95447392493,1.6333333333333333,-0.3188486540317535,0.6433333333333333,1.0021770000457764,1
2021-04-11 00:00:00+00:00,1.0005240440368652,1.0025830268859863,0.9986940026283264,1.0021770000457764,100277986732,1.6333333333333333,-0.3188624624411265,0.6433333333333333,1.0115300416946411,1
2021-04-17 00:00:00+00:00,1.002434015274048,1.0118680000305176,0.9995489716529846,1.0115300416946411,178501336545,1.6666666666666667,-0.2857843065261841,0.6266666666666667,0.999908983707428,0
2021-04-24 00:00:00+00:00,1.0001380443572998,1.0001989603042605,0.9998000264167786,0.999908983707428,105265165685,1.6333333333333333,-0.35232570707798,0.66,1.0000779628753662,1
2021-05-08 00:00:00+00:00,0.9999489784240724,1.0002000331878662,0.9998000264167786,1.0000779628753662,154970468014,1.6333333333333333,-0.3488771293560663,0.66,1.0001369714736938,1
2021-05-10 00:00:00+00:00,0.999800980091095,1.0001989603042605,0.9998000264167786,1.0001369714736938,196654261473,1.6333333333333333,-0.3495265140136083,0.66,0.9999930262565612,0
2021-05-12 00:00:00+00:00,1.0000669956207275,1.0002000331878662,0.9998000264167786,0.9999930262565612,179881127372,1.6333333333333333,-0.3495833828051884,0.66,0.9998679757118224,0
2021-05-13 00:00:00+00:00,0.9999200105667114,1.0002000331878662,0.999800980091095,0.9998679757118224,238503239903,1.7333333333333334,-0.3405215202768643,0.6516666666666667,0.9999650120735168,1
2021-05-14 00:00:00+00:00,1.0000959634780884,1.0002000331878662,0.9998000264167786,0.9999650120735168,157669573391,2.2666666666666666,-0.3216694144816959,0.6418627450980392,0.9999750256538392,1
2021-05-16 00:00:00+00:00,1.0001239776611328,1.0001989603042605,0.999800980091095,0.9999750256538392,156189820298,2.2666666666666666,-0.2596853999705875,0.6085294117647059,0.9998019933700562,0
2021-05-17 00:00:00+00:00,0.9998509883880616,1.0002000331878662,0.9998000264167786,0.9998019933700562,174105627753,2.2,-0.2514903225248155,0.6040849673202614,1.001852035522461,1
2021-05-20 00:00:00+00:00,1.0017249584197998,1.0019960403442385,1.0008879899978638,1.001852035522461,203389167819,2.1666666666666665,-0.2504175124312537,0.6040849673202614,1.0018880367279053,1
2021-05-21 00:00:00+00:00,1.0019069910049438,1.0019999742507937,1.0009560585021973,1.0018880367279053,175788781082,2.1333333333333333,-0.1858246304338274,0.5707516339869281,1.0015549659729004,0
2021-05-22 00:00:00+00:00,1.0019619464874268,1.001996994018555,1.0006580352783203,1.0015549659729004,123183907998,2.333333333333333,-0.2262901306750616,0.5945611577964519,1.0016740560531616,1
2021-05-23 00:00:00+00:00,1.0015690326690674,1.0019960403442385,1.000445008277893,1.0016740560531616,166357484552,2.433333333333333,-0.2737642879885674,0.6195611577964519,1.001471996307373,0
2021-05-24 00:00:00+00:00,1.001623034477234,1.001997947692871,1.0010290145874023,1.001471996307373,150726607629,2.433333333333333,-0.2298906898103397,0.5973389355742297,1.00114905834198,0
2021-05-25 00:00:00+00:00,1.001423954963684,1.0019999742507937,1.0010099411010742,1.00114905834198,133337899988,2.5,-0.2289318497580529,0.5973389355742297,1.0004810094833374,0
2021-05-28 00:00:00+00:00,1.0009069442749023,1.0016720294952393,1.0003440380096436,1.0004810094833374,114444985848,2.466666666666667,-0.2289717153313001,0.5973389355742297,1.0000629425048828,0
2021-05-30 00:00:00+00:00,1.000372052192688,1.0008209943771362,0.9996500015258788,1.0000629425048828,76081689608,2.466666666666667,-0.2939953740042687,0.630672268907563,1.001189947128296,1
2021-06-08 00:00:00+00:00,1.000728964805603,1.0016340017318726,1.0003989934921265,1.001189947128296,96727203765,2.466666666666667,-0.2899283583563805,0.630672268907563,1.0005719661712646,0
2021-06-09 00:00:00+00:00,1.0012129545211792,1.0015590190887451,1.0002310276031494,1.0005719661712646,92231696007,2.433333333333333,-0.256208820700868,0.6140056022408963,1.0007380247116089,1
2021-06-10 00:00:00+00:00,1.0005320310592651,1.0010390281677246,1.0001649856567385,1.0007380247116089,72706032485,2.433333333333333,-0.2562088207008681,0.6140056022408963,1.0006259679794312,0
2021-06-14 00:00:00+00:00,0.9996950030326844,1.0007820129394531,0.9996169805526732,1.0006259679794312,64693139740,2.466666666666667,-0.2562374289435387,0.6140056022408963,1.001451015472412,1
2021-06-19 00:00:00+00:00,1.0016460418701172,1.0019960403442385,1.0003819465637207,1.001451015472412,48324762375,2.566666666666667,-0.2393522372446696,0.605672268907563,1.0000890493392944,0
2021-06-21 00:00:00+00:00,1.0009139776229858,1.001781940460205,0.9999529719352722,1.0000890493392944,90616591970,2.566666666666667,-0.2645411333046596,0.6223389355742296,1.0007460117340088,1
2021-06-23 00:00:00+00:00,1.0009620189666748,1.0011420249938965,1.0003900527954102,1.0007460117340088,78451207170,2.533333333333333,-0.2632431964677811,0.6223389355742296,1.0001349449157717,0
2021-07-14 00:00:00+00:00,1.0000200271606443,1.0007619857788086,0.9998810291290284,1.0001349449157717,45371034562,2.5,-0.2637132406833014,0.6223389355742296,0.9999470114707948,0
2021-07-15 00:00:00+00:00,1.0001239776611328,1.000411033630371,0.9998120069503784,0.9999470114707948,45208496773,2.533333333333333,-0.2368184487623215,0.605672268907563,1.0003730058670044,1
2021-07-16 00:00:00+00:00,0.9999539852142334,1.0004889965057373,0.9999470114707948,1.0003730058670044,45730099926,2.5,-0.2368743976555507,0.605672268907563,1.00062096118927,1
2021-07-18 00:00:00+00:00,1.0005580186843872,1.000769019126892,0.9995629787445068,1.00062096118927,36385511871,2.5,-0.2978335341416042,0.6390056022408963,1.0000929832458496,0
2021-07-19 00:00:00+00:00,1.0006450414657593,1.0006999969482422,0.9998720288276672,1.0000929832458496,40152920396,2.466666666666667,-0.2977023552459717,0.6390056022408963,1.000296950340271,1
2021-07-20 00:00:00+00:00,1.0001109838485718,1.000527024269104,1.0000050067901611,1.000296950340271,45790527475,2.466666666666667,-0.2977115959527334,0.6390056022408963,1.0002169609069824,0
2021-07-22 00:00:00+00:00,1.000208020210266,1.0006239414215088,0.9996989965438844,1.0002169609069824,45353041839,2.5,-0.3303632865947724,0.655672268907563,1.0002540349960327,1
2021-07-26 00:00:00+00:00,1.0001840591430664,1.000741958618164,0.9997640252113342,1.0002540349960327,92450192578,2.533333333333333,-0.2985474289061864,0.6390056022408963,1.0005420446395874,1
2021-08-12 00:00:00+00:00,1.0005149841308594,1.001054048538208,0.9999359846115112,1.0005420446395874,82791032054,2.6,-0.3164057990513484,0.6473389355742296,1.0005860328674316,1
2021-08-14 00:00:00+00:00,1.0001859664916992,1.0010279417037964,1.000085949897766,1.0005860328674316,76879764304,2.6333333333333333,-0.2825946242215475,0.630672268907563,1.0002189874649048,0
2021-08-17 00:00:00+00:00,1.0003869533538818,1.00061297416687,1.0000460147857666,1.0002189874649048,87487581579,2.6333333333333333,-0.2243394643666586,0.5973389355742297,1.000262975692749,1
2021-08-24 00:00:00+00:00,1.000764012336731,1.0011190176010132,0.9999889731407166,1.000262975692749,82298987461,2.6,-0.2391675000987689,0.605672268907563,1.0005290508270264,1
2021-08-31 00:00:00+00:00,1.0006179809570312,1.0009020566940308,1.0001260042190552,1.0005290508270264,86200102965,2.1666666666666665,-0.2432551141769167,0.6071428571428572,1.0003210306167605,0
2021-09-01 00:00:00+00:00,1.0006320476531982,1.000846028327942,0.999974012374878,1.0003210306167605,86157816302,2.5,-0.2943910232375539,0.634920634920635,1.0002199411392212,0
2021-09-03 00:00:00+00:00,1.000380039215088,1.0005550384521484,1.0000319480895996,1.0002199411392212,94333024390,2.8,-0.3016762756166004,0.6376984126984128,1.000493049621582,1
2021-09-07 00:00:00+00:00,1.0000239610671997,1.0013400316238403,0.9996790289878844,1.000493049621582,163058669007,2.833333333333333,-0.3677843116578601,0.6710317460317461,0.9996979832649232,0
2021-09-12 00:00:00+00:00,1.001041054725647,1.0011539459228516,0.9992709755897522,0.9996979832649232,73080229538,3.033333333333333,-0.4154763724122728,0.6948412698412698,1.000040054321289,1
2021-09-22 00:00:00+00:00,1.0000499486923218,1.0009770393371582,0.9999529719352722,1.000040054321289,80708278656,2.833333333333333,-0.4332282764571053,0.7043650793650793,1.000507950782776,1
2021-09-23 00:00:00+00:00,1.0000430345535278,1.001358985900879,0.9998739957809448,1.000507950782776,71255677560,2.7666666666666666,-0.443593627001558,0.7126984126984126,1.0008200407028198,1
2021-09-24 00:00:00+00:00,1.0005940198898315,1.0014400482177734,0.9999120235443116,1.0008200407028198,93076113024,2.7333333333333334,-0.4569875466681662,0.7182539682539683,1.0009889602661133,1
2021-09-25 00:00:00+00:00,1.0009039640426636,1.0016779899597168,1.0003730058670044,1.0009889602661133,66583739947,2.7,-0.4271067964888754,0.7015873015873015,1.000725030899048,0
2021-09-26 00:00:00+00:00,1.0009050369262695,1.0013519525527954,1.0004199743270874,1.000725030899048,78196884599,2.7,-0.3689577090598288,0.6682539682539682,1.000154972076416,0
2021-09-30 00:00:00+00:00,1.0003819465637207,1.000516057014465,0.9995369911193848,1.000154972076416,65935536533,2.7,-0.3112180677907807,0.6349206349206349,1.0003750324249268,1
2021-10-07 00:00:00+00:00,1.000476956367493,1.00114905834198,0.9995549917221068,1.0003750324249268,91580420731,2.7333333333333334,-0.3217440718932757,0.6404761904761905,1.000115990638733,0
2021-10-08 00:00:00+00:00,1.00040602684021,1.000465989112854,0.9997900128364564,1.000115990638733,79865522045,2.7333333333333334,-0.3872855538650164,0.6738095238095239,1.0010180473327637,1
2021-10-10 00:00:00+00:00,1.0001280307769775,1.001126050949097,0.9994660019874572,1.0010180473327637,69927661418,2.7333333333333334,-0.445143955401958,0.7071428571428572,0.9999399781227112,0
2021-10-20 00:00:00+00:00,1.0001369714736938,1.0006890296936035,0.9996119737625122,0.9999399781227112,70187915900,2.7,-0.4434117192550311,0.7071428571428572,0.999879002571106,0
2021-10-22 00:00:00+00:00,1.0000239610671997,1.000445008277893,0.9995790123939514,0.999879002571106,73919161798,2.6,-0.4587015787287364,0.7154761904761905,1.0008230209350586,1
2021-10-23 00:00:00+00:00,0.9999240040779114,1.000920057296753,0.9998030066490172,1.0008230209350586,55395032239,2.566666666666667,-0.4917629469954778,0.7321428571428572,1.0003759860992432,0
2021-10-31 00:00:00+00:00,1.000383973121643,1.0016679763793943,0.9994400143623352,1.0003759860992432,91561112863,2.6666666666666665,-0.5143206496560384,0.7404761904761905,1.0008150339126587,1
2021-11-02 00:00:00+00:00,1.0003689527511597,1.0014100074768066,0.9999160170555116,1.0008150339126587,149878312204,2.6666666666666665,-0.4496320008758515,0.7071428571428572,1.0006779432296753,0
2021-11-03 00:00:00+00:00,1.0008219480514526,1.0014270544052124,1.0002570152282717,1.0006779432296753,89436836448,2.6333333333333333,-0.4787716626647919,0.7238095238095238,1.0014539957046509,1
2021-11-06 00:00:00+00:00,1.001544952392578,1.0016679763793943,1.0006150007247925,1.0014539957046509,65151095549,2.6333333333333333,-0.4770896116419444,0.7238095238095238,1.0015020370483398,1
2021-11-15 00:00:00+00:00,1.0002599954605105,1.0019880533218384,0.9981579780578612,1.0015020370483398,64113625426,2.7,-0.4561083826280775,0.7126984126984127,1.0000629425048828,0
2021-11-17 00:00:00+00:00,1.0004889965057373,1.020046949386597,0.9980159997940063,1.0000629425048828,84478860409,2.7,-0.3979841523227237,0.6793650793650794,0.999970018863678,0
2021-11-18 00:00:00+00:00,1.000169038772583,1.0019639730453491,0.9981030225753784,0.999970018863678,95287465626,2.7333333333333334,-0.3959124905722481,0.6793650793650794,1.0008200407028198,1
2021-11-19 00:00:00+00:00,1.0000699758529663,1.001999020576477,0.9980409741401672,1.0008200407028198,82193745588,2.6666666666666665,-0.3306091947214943,0.6460317460317461,1.0003670454025269,0
2021-11-26 00:00:00+00:00,1.0009859800338743,1.0019810199737549,0.9982609748840332,1.0003670454025269,106740129710,2.7333333333333334,-0.3477951171852293,0.6543650793650795,1.0002859830856323,0
2021-11-30 00:00:00+00:00,1.0005830526351929,1.001924991607666,0.9984229803085328,1.0002859830856323,87396693339,2.6333333333333333,-0.3617584598915917,0.6626984126984128,1.0013619661331177,1
2021-12-06 00:00:00+00:00,1.0006320476531982,1.001952052116394,0.9982720017433168,1.0013619661331177,93691250219,2.7,-0.3670023687538646,0.6626984126984128,1.000648021697998,0
2021-12-14 00:00:00+00:00,1.000380039215088,1.001999020576477,0.9981809854507446,1.000648021697998,72787499023,2.7333333333333334,-0.4246093261099997,0.6960317460317461,1.0002939701080322,0
2021-12-29 00:00:00+00:00,1.0012530088424685,1.0019810199737549,0.9980440139770508,1.0002939701080322,63544101067,2.6666666666666665,-0.4246670035379273,0.6960317460317461,1.000188946723938,0
2021-12-31 00:00:00+00:00,1.0009549856185913,1.0009549856185913,0.999559998512268,1.000188946723938,57299598140,2.566666666666667,-0.3812437363323711,0.6710317460317461,1.0004600286483765,1
2022-01-02 00:00:00+00:00,1.0004910230636597,1.000849962234497,1.0001599788665771,1.0004600286483765,43202922802,2.2,-0.3923064771152678,0.6765873015873016,1.0001219511032104,0
2022-01-05 00:00:00+00:00,1.0002050399780271,1.0006259679794312,0.9999520182609558,1.0001219511032104,77225535519,1.8333333333333333,-0.4072698551274481,0.6849206349206349,1.0002520084381104,1
2022-01-07 00:00:00+00:00,1.000208020210266,1.0006279945373535,0.999845027923584,1.0002520084381104,82344370614,1.8,-0.4075527367847306,0.6849206349206349,1.0004910230636597,1
2022-01-23 00:00:00+00:00,1.000154972076416,1.0010080337524414,1.0001070499420166,1.0004910230636597,57296666670,1.6,-0.3664050256212552,0.6611111111111112,1.0004390478134155,0
2022-01-24 00:00:00+00:00,1.0004980564117432,1.001062035560608,1.000108003616333,1.0004390478134155,88845381041,1.6,-0.3659740562240283,0.6611111111111112,1.0006040334701538,1
2022-01-25 00:00:00+00:00,1.0004420280456543,1.0009020566940308,1.000169038772583,1.0006040334701538,58560287216,1.5666666666666669,-0.305940672258536,0.6277777777777779,1.0004849433898926,0
2022-01-31 00:00:00+00:00,1.0003440380096436,1.0006769895553589,1.0002650022506714,1.0004849433898926,45082693892,1.5333333333333334,-0.3366172149777412,0.6444444444444445,1.000380039215088,0
2022-02-02 00:00:00+00:00,1.000427007675171,1.000663995742798,1.0003080368041992,1.000380039215088,44198324772,1.5,-0.3669406190514565,0.6611111111111112,1.0004559755325315,1
2022-02-13 00:00:00+00:00,1.0005970001220703,1.000864028930664,1.0004169940948486,1.0004559755325315,41277090178,1.5,-0.4251230532924334,0.6944444444444445,1.0004980564117432,1
2022-02-23 00:00:00+00:00,1.0007120370864868,1.0009609460830688,1.000452995300293,1.0004980564117432,54845607157,1.5333333333333334,-0.4832696889837582,0.7277777777777779,1.0004830360412598,0
2022-03-18 00:00:00+00:00,1.000480055809021,1.0008970499038696,1.0003290176391602,1.0004830360412598,64969319781,1.4666666666666666,-0.4477131176326009,0.7055555555555556,1.0003039836883545,0
2022-03-31 00:00:00+00:00,1.0002720355987549,1.0007339715957642,1.0002000331878662,1.0003039836883545,90489848043,1.4666666666666666,-0.448253680103355,0.7055555555555556,1.0004349946975708,1
2022-04-12 00:00:00+00:00,1.0003509521484375,1.0005520582199097,1.000177979469299,1.0004349946975708,68489224153,1.4666666666666666,-0.4479136375917328,0.7055555555555556,1.0002750158309937,0
2022-04-13 00:00:00+00:00,1.0004420280456543,1.0004420280456543,1.0001280307769775,1.0002750158309937,57894656914,1.4666666666666666,-0.3913961617483033,0.6722222222222223,1.0002959966659546,1
2022-04-16 00:00:00+00:00,1.000236988067627,1.000391960144043,1.0001300573349,1.0002959966659546,35315439111,1.6,-0.391308735244804,0.6722222222222223,1.0003429651260376,1
2022-04-19 00:00:00+00:00,1.0002139806747437,1.000419020652771,1.000154972076416,1.0003429651260376,57975539645,1.6,-0.3246829732590252,0.638888888888889,0.9997910261154176,0
2022-05-10 00:00:00+00:00,0.9999449849128724,1.000133991241455,0.9997090101242064,0.9997910261154176,128692083965,1.5,-0.3684074654512935,0.663888888888889,0.99760901927948,0
2022-05-12 00:00:00+00:00,0.9958789944648744,0.9977359771728516,0.9484859704971312,0.99760901927948,141052751792,1.5,-0.3672828489873144,0.663888888888889,0.9982389807701112,1
2022-05-13 00:00:00+00:00,0.997527003288269,0.999193012714386,0.996945023536682,0.9982389807701112,87009885196,1.5,-0.3671949500176641,0.663888888888889,0.9989089965820312,1
2022-05-17 00:00:00+00:00,0.9987720251083374,0.9991070032119752,0.9986500144004822,0.9989089965820312,55745978864,1.5,-0.3106774741742346,0.6305555555555556,0.99896901845932,1
2022-06-19 00:00:00+00:00,0.9986559748649596,0.9990119934082032,0.9984700083732604,0.99896901845932,55603476684,1.4333333333333331,-0.274595469335715,0.6083333333333333,0.9993249773979188,1
2022-06-24 00:00:00+00:00,0.9992589950561525,0.999504029750824,0.9991369843482972,0.9993249773979188,46919267632,1.4333333333333331,-0.2662857255339623,0.6083333333333333,0.9988319873809814,0
2022-06-28 00:00:00+00:00,0.9991040229797364,0.9991340041160583,0.9987819790840148,0.9988319873809814,40773930242,1.4,-0.2677109093467394,0.6083333333333333,0.9991090297698976,1
2022-07-04 00:00:00+00:00,0.9990710020065308,0.999222993850708,0.9989910125732422,0.9991090297698976,37816157114,1.7333333333333334,-0.3089173250216426,0.6295454545454544,0.999098002910614,0
2022-07-06 00:00:00+00:00,0.9990950226783752,0.9992210268974304,0.998960018157959,0.999098002910614,41932894214,1.6333333333333333,-0.3203752897995891,0.6378787878787878,0.999538004398346,1
2022-07-09 00:00:00+00:00,0.999422013759613,0.999571979045868,0.9993330240249634,0.999538004398346,38957001478,1.6333333333333333,-0.3212551278688691,0.6378787878787878,0.9992250204086304,0
2022-07-11 00:00:00+00:00,0.999455988407135,0.999575972557068,0.999127984046936,0.9992250204086304,38726869251,1.7333333333333334,-0.3421777260406708,0.6497835497835497,0.9993839859962464,1
2022-07-13 00:00:00+00:00,0.9993420243263244,0.9994289875030518,0.9991570115089417,0.9993839859962464,51757860849,1.7,-0.3426965983811911,0.6497835497835497,0.999705970287323,1
2022-07-15 00:00:00+00:00,0.9993849992752076,0.9997439980506896,0.9993469715118408,0.999705970287323,45982487607,1.7333333333333334,-0.3426482570274567,0.6497835497835497,0.9997770190238952,1
2022-07-18 00:00:00+00:00,0.9997259974479676,0.999970018863678,0.999692976474762,0.9997770190238952,70390606911,2.033333333333333,-0.3673932079577343,0.6664502164502164,1.0000920295715332,1
2022-07-19 00:00:00+00:00,0.9997850060462952,1.0001239776611328,0.9997640252113342,1.0000920295715332,77160548741,2.033333333333333,-0.367367122978359,0.6664502164502164,1.0000360012054443,0
2022-07-23 00:00:00+00:00,1.000051975250244,1.0001460313796997,0.9999840259552002,1.0000360012054443,43014917183,2.033333333333333,-0.309217348109076,0.6331168831168831,1.0002000331878662,1
2022-07-28 00:00:00+00:00,1.000288009643555,1.0003600120544434,1.0001230239868164,1.0002000331878662,75754591120,2.033333333333333,-0.3092989150786296,0.6331168831168831,1.000311017036438,1
2022-07-29 00:00:00+00:00,1.0002050399780271,1.0003459453582764,1.000169038772583,1.000311017036438,72013108986,2.033333333333333,-0.3675274376177684,0.6664502164502164,1.000177025794983,0
2022-08-08 00:00:00+00:00,1.0001590251922607,1.000226974487305,1.0000970363616943,1.000177025794983,50243147547,2.033333333333333,-0.3022916360799368,0.6331168831168831,1.0002529621124268,1
2022-08-10 00:00:00+00:00,1.0002050399780271,1.0005619525909424,1.0001510381698608,1.0002529621124268,60085173824,2.066666666666667,-0.3615523262921866,0.6664502164502164,1.00040602684021,1
2022-08-11 00:00:00+00:00,1.000251054763794,1.0005040168762207,1.0002429485321045,1.00040602684021,64445391375,2.1,-0.3326615397238628,0.6497835497835497,0.9999840259552002,0
2022-09-22 00:00:00+00:00,1.0001059770584106,1.0001720190048218,0.9999709725379944,0.9999840259552002,54330130153,2.2,-0.31636161497274,0.6414502164502164,0.9999759793281556,0
2022-09-28 00:00:00+00:00,0.999978005886078,1.000051975250244,0.9999110102653505,0.9999759793281556,65738293663,2.2666666666666666,-0.2944353735219004,0.6303391053391053,0.9999939799308776,1
2022-10-20 00:00:00+00:00,1.000067949295044,1.0001590251922607,0.9999639987945556,0.9999939799308776,32981854458,2.3,-0.2505418203708757,0.6081168831168831,0.9999240040779114,0
2022-11-01 00:00:00+00:00,0.9999560117721558,0.9999849796295166,0.9997739791870116,0.9999240040779114,56795449219,2.333333333333333,-0.3069716038740902,0.6414502164502164,0.9999960064888,1
2022-11-02 00:00:00+00:00,0.9999179840087892,1.0000790357589722,0.9998649954795836,0.9999960064888,76399032768,2.466666666666667,-0.3052022757567196,0.6414502164502164,1.0000760555267334,1
2022-11-04 00:00:00+00:00,1.0000070333480835,1.0001189708709717,0.9999589920043944,1.0000760555267334,88078834184,2.5,-0.2766555808422197,0.6247835497835497,0.9978349804878236,0
2022-11-10 00:00:00+00:00,0.9986339807510376,0.9989749789237976,0.9815250039100648,0.9978349804878236,114807119109,2.533333333333333,-0.3066027067539323,0.6414502164502164,0.9990130066871644,1
2022-11-14 00:00:00+00:00,0.9987499713897704,0.9991340041160583,0.9985759854316713,0.9990130066871644,65634612428,2.4,-0.2501726574140022,0.6081168831168831,0.9994019865989684,1
2022-11-17 00:00:00+00:00,0.999230980873108,0.9996449947357178,0.9992030262947084,0.9994019865989684,37744442250,2.4,-0.2551510817246863,0.6081168831168831,0.9989820122718812,0
2022-11-20 00:00:00+00:00,0.9990869760513306,0.9992070198059082,0.998769998550415,0.9989820122718812,33834889406,2.4,-0.2551721320983995,0.6081168831168831,0.9997439980506896,1
2022-11-29 00:00:00+00:00,0.9996619820594788,0.9997789859771729,0.9996060132980348,0.9997439980506896,31450915067,2.4,-0.2553859995243181,0.6081168831168831,1.0000439882278442,1
2022-12-01 00:00:00+00:00,1.0000289678573608,1.0000940561294556,0.9999560117721558,1.0000439882278442,29913541569,2.4,-0.1972152179913947,0.5747835497835497,1.0000770092010498,1
2022-12-06 00:00:00+00:00,1.0000760555267334,1.0001510381698608,1.0000360012054443,1.0000770092010498,25563996757,2.4,-0.2554740614133307,0.6081168831168831,1.0000779628753662,1
2022-12-11 00:00:00+00:00,1.0000330209732056,1.000102996826172,1.0000330209732056,1.0000779628753662,17036610394,2.4,-0.3137116835949053,0.6414502164502164,1.0001050233840942,1
2022-12-14 00:00:00+00:00,1.0000280141830444,1.0001319646835327,0.9999639987945556,1.0001050233840942,31427740393,2.4,-0.3802148567077745,0.6747835497835497,1.000161051750183,1
2022-12-17 00:00:00+00:00,1.000128984451294,1.0002959966659546,1.000072956085205,1.000161051750183,21306704152,2.5,-0.3503150916533897,0.658116883116883,1.0003739595413208,1
2023-01-15 00:00:00+00:00,1.0001440048217771,1.0005029439926147,1.0001139640808103,1.0003739595413208,30028224816,2.2,-0.3745593045770176,0.6702380952380953,1.0001790523529053,0
2023-01-20 00:00:00+00:00,1.0000059604644775,1.0002429485321045,0.999974012374878,1.0001790523529053,33794858528,2.2333333333333334,-0.3776084676006483,0.6702380952380952,1.0000929832458496,0
2023-01-30 00:00:00+00:00,1.0000890493392944,1.0001569986343384,1.0000369548797607,1.0000929832458496,37178895589,2.2666666666666666,-0.3770769064246662,0.6702380952380952,1.0001020431518557,1
2023-02-06 00:00:00+00:00,1.0002089738845823,1.0002739429473877,1.0000669956207275,1.0001020431518557,32088027094,2.2666666666666666,-0.3436238878161187,0.6511904761904763,1.0001590251922607,1
2023-02-09 00:00:00+00:00,1.000128984451294,1.0002670288085938,1.0000319480895996,1.0001590251922607,47895876169,2.333333333333333,-0.3048963016791949,0.6289682539682541,1.000182032585144,1
2023-02-18 00:00:00+00:00,1.0002150535583496,1.0003310441970823,1.0001449584960938,1.000182032585144,30777314971,2.3666666666666667,-0.2855462517861336,0.617857142857143,1.0001239776611328,0
2023-02-23 00:00:00+00:00,1.0000959634780884,1.000216007232666,1.0000590085983276,1.0001239776611328,40733371959,2.066666666666667,-0.318991439990581,0.6345238095238096,1.0001319646835327,1
2023-02-25 00:00:00+00:00,1.000072002410889,1.0001749992370603,1.0000499486923218,1.0001319646835327,25281973906,2.1,-0.2897178684198667,0.617857142857143,1.000087022781372,0
2023-02-26 00:00:00+00:00,1.0001319646835327,1.000175952911377,1.000051975250244,1.000087022781372,23103836401,2.1333333333333333,-0.3187342171394636,0.6345238095238096,1.0000909566879272,1
2023-03-02 00:00:00+00:00,1.0001319646835327,1.0003210306167605,1.0000230073928833,1.0000909566879272,28824873446,2.1666666666666665,-0.2896048252308179,0.617857142857143,1.0001070499420166,1
2023-03-05 00:00:00+00:00,1.0001189708709717,1.0002379417419434,1.00005304813385,1.0001070499420166,19088160147,2.1666666666666665,-0.2754498486244489,0.617857142857143,1.0005300045013428,1
2023-04-17 00:00:00+00:00,1.0004099607467651,1.0010240077972412,0.9999139904975892,1.0005300045013428,32406207872,2.2,-0.3120069150650312,0.6345238095238096,1.0004379749298096,0
2023-04-30 00:00:00+00:00,1.0004520416259766,1.0009009838104248,1.000148057937622,1.0004379749298096,21489188232,2.1666666666666665,-0.3191151683056165,0.6345238095238096,1.0008339881896973,1
2023-05-10 00:00:00+00:00,1.0007189512252808,1.001384973526001,0.9997609853744508,1.0008339881896973,31704546238,2.1333333333333333,-0.3482339346929202,0.6511904761904763,1.000174045562744,0
2023-06-06 00:00:00+00:00,1.00035297870636,1.00067400932312,0.999464988708496,1.000174045562744,30910972861,2.033333333333333,-0.3649488647305776,0.6595238095238096,1.0000660419464111,0
2023-06-07 00:00:00+00:00,1.0001699924468994,1.0006810426712036,0.9997810125350952,1.0000660419464111,28078183756,2.1,-0.3601284854468845,0.6573015873015873,1.000311017036438,1
2023-06-08 00:00:00+00:00,1.0001569986343384,1.0006200075149536,0.9996619820594788,1.000311017036438,18183759822,2.033333333333333,-0.3898222253909187,0.6795238095238095,1.0003149509429932,1
2023-06-11 00:00:00+00:00,1.0004810094833374,1.000951051712036,1.0000779628753662,1.0003149509429932,17537918491,2.033333333333333,-0.39103056353236,0.6795238095238095,1.000054955482483,0
2023-06-12 00:00:00+00:00,1.0001850128173828,1.0011130571365356,0.9994829893112184,1.000054955482483,21083018568,1.9,-0.3932309325725313,0.6795238095238095,0.999862015247345,0
2023-06-13 00:00:00+00:00,0.9999729990959167,1.000499963760376,0.999446988105774,0.999862015247345,23706670402,1.8666666666666667,-0.4223898069253043,0.6961904761904762,1.0000849962234497,1
2023-07-02 00:00:00+00:00,1.000108003616333,1.0008330345153809,0.9997159838676452,1.0000849962234497,20337659643,1.8666666666666667,-0.4171778357218182,0.6961904761904762,0.99958997964859,0
2023-07-27 00:00:00+00:00,1.0000560283660889,1.000602960586548,0.9993789792060852,0.99958997964859,17964435031,1.8666666666666667,-0.4753565148701744,0.7295238095238096,1.0003859996795654,1
2023-08-17 00:00:00+00:00,0.9988430142402648,1.0006979703903198,0.9983569979667664,1.0003859996795654,46202367641,1.9,-0.5366540865292625,0.7628571428571429,0.9998599886894226,0
2023-08-19 00:00:00+00:00,0.9997169971466064,1.0004459619522097,0.999464988708496,0.9998599886894226,17888080535,1.9,-0.5366539315571861,0.7628571428571429,0.9999949932098388,1
2023-08-20 00:00:00+00:00,0.9998990297317504,1.0003299713134766,0.9996560215950012,0.9999949932098388,15722340351,2.0,-0.5529002911041654,0.7711904761904762,0.9998990297317504,0
2023-08-23 00:00:00+00:00,0.9996129870414734,1.0007270574569702,0.9992560148239136,0.9998990297317504,25410027986,2.0,-0.6111277387728767,0.8045238095238095,1.0001280307769775,1
2023-08-30 00:00:00+00:00,1.0000909566879272,1.000627040863037,0.9996190071105956,1.0001280307769775,22718699935,2.0,-0.5528688953509406,0.7711904761904762,0.9997779726982116,0
2023-09-08 00:00:00+00:00,0.9997599720954896,1.000285029411316,0.9993879795074464,0.9997779726982116,17906934253,2.033333333333333,-0.5200976616333401,0.7545238095238095,0.9999859929084778,1
2023-09-21 00:00:00+00:00,1.0001859664916992,1.0006380081176758,0.9996989965438844,0.9999859929084778,65289803093,2.066666666666667,-0.4871063993563728,0.7378571428571429,1.0000089406967163,1
2023-09-22 00:00:00+00:00,0.9999189972877502,1.000553011894226,0.99966299533844,1.0000089406967163,16422421266,2.0,-0.4531213190347429,0.7211904761904762,1.0001059770584106,1
2023-10-14 00:00:00+00:00,0.999888002872467,1.00062096118927,0.9997929930686952,1.0001059770584106,9989859215,1.9666666666666663,-0.3951455142289873,0.6878571428571428,1.0004630088806152,1
2023-10-19 00:00:00+00:00,1.000404953956604,1.001075029373169,1.0000699758529663,1.0004630088806152,33070893762,1.9666666666666663,-0.3619494186034278,0.6711904761904762,1.0005309581756592,1
2023-10-20 00:00:00+00:00,1.0004420280456543,1.00109601020813,1.0000909566879272,1.0005309581756592,40795586179,2.033333333333333,-0.3624140065104242,0.6711904761904762,1.0002460479736328,0
2023-10-22 00:00:00+00:00,1.000332951545715,1.0006920099258425,0.9999669790267944,1.0002460479736328,33182189773,1.8666666666666667,-0.3744229324989849,0.6783333333333332,1.0005719661712646,1
2023-10-30 00:00:00+00:00,1.0002340078353882,1.0008729696273804,0.9998990297317504,1.0005719661712646,28763511481,1.9333333333333331,-0.4011642617980639,0.6938888888888889,1.0003739595413208,0
2023-11-13 00:00:00+00:00,1.0002529621124268,1.0012309551239014,0.9998760223388672,1.0003739595413208,47623447835,1.9,-0.3550174507498741,0.6716666666666666,1.0004539489746094,1
2023-11-19 00:00:00+00:00,1.0005979537963867,1.000810980796814,1.0001909732818604,1.0004539489746094,28609109544,1.9,-0.2968273116151492,0.6383333333333333,1.0003379583358765,0
2023-11-22 00:00:00+00:00,1.0003739595413208,1.0006840229034424,0.9998570084571838,1.0003379583358765,43622993259,1.8666666666666667,-0.3253884785374005,0.6549999999999999,1.000478982925415,1
2023-11-25 00:00:00+00:00,1.000264048576355,1.0008169412612915,0.999925971031189,1.000478982925415,23045093192,1.8333333333333333,-0.2880506458878517,0.6383333333333333,1.0005170106887815,1
2023-12-09 00:00:00+00:00,1.0001310110092163,1.000939965248108,1.0000489950180054,1.0005170106887815,45714652119,1.8,-0.3136713030934334,0.6549999999999999,1.0000439882278442,0
2023-12-10 00:00:00+00:00,1.0003540515899658,1.000709056854248,0.999888002872467,1.0000439882278442,32521476893,1.8,-0.3278163972496986,0.6549999999999999,1.0001499652862549,1
2023-12-15 00:00:00+00:00,1.0002280473709106,1.0010340213775637,0.999584972858429,1.0001499652862549,45289072124,1.8,-0.356856504380703,0.6716666666666666,0.9997299909591676,0
2023-12-31 00:00:00+00:00,1.0002039670944214,1.0012569427490234,0.9993429780006408,0.9997299909591676,33159237822,1.8333333333333333,-0.324147826731205,0.6549999999999999,1.0003679990768433,1
2024-01-01 00:00:00+00:00,0.9998810291290284,1.000709056854248,0.9995740056037904,1.0003679990768433,35556530943,1.8333333333333333,-0.2581975641846656,0.6216666666666666,1.0006569623947144,1
2024-01-03 00:00:00+00:00,1.0004340410232544,1.0036300420761108,1.0001660585403442,1.0006569623947144,87663506544,1.8333333333333333,-0.2580427530407905,0.6216666666666666,1.000877022743225,1
2024-01-05 00:00:00+00:00,1.000933051109314,1.0015729665756226,1.0004099607467651,1.000877022743225,53743098427,1.8,-0.2189319544037183,0.6016666666666667,1.0001660585403442,0
2024-01-09 00:00:00+00:00,1.0008430480957031,1.000980019569397,0.9994230270385742,1.0001660585403442,61396977432,1.8666666666666667,-0.2331982353991932,0.6016666666666667,1.0000009536743164,0
2024-01-28 00:00:00+00:00,1.0001189708709717,1.0002490282058716,0.9994980096817015,1.0000009536743164,29379055847,1.8333333333333333,-0.2319664229618178,0.6016666666666667,0.9997140169143676,0
2024-02-02 00:00:00+00:00,0.9998459815979004,1.0003160238265991,0.9992089867591858,0.9997140169143676,32455547367,1.8666666666666667,-0.1698541303144561,0.5683333333333334,0.999809980392456,1
2024-02-03 00:00:00+00:00,0.999714970588684,1.0000139474868774,0.999355971813202,0.999809980392456,19986631753,1.8666666666666667,-0.169587035940753,0.5683333333333334,1.0004899501800537,1
2024-02-09 00:00:00+00:00,1.0001189708709717,1.0008560419082642,0.9992910027503968,1.0004899501800537,55541686302,1.8333333333333333,-0.2031069496936268,0.5850000000000001,1.0000139474868774,0
2024-02-21 00:00:00+00:00,1.000169038772583,1.0003260374069214,0.9993020296096802,1.0000139474868774,59273333052,1.8666666666666667,-0.1449282705452707,0.5516666666666666,0.9998980164527892,0
2024-02-23 00:00:00+00:00,0.9995890259742736,1.000113010406494,0.9992619752883912,0.9998980164527892,49400677249,1.8333333333333333,-0.0793044030335214,0.5183333333333333,1.000059962272644,1
2024-02-24 00:00:00+00:00,0.9998909831047058,1.000311017036438,0.9994270205497742,1.000059962272644,33883854964,1.8333333333333333,-0.0793060381876097,0.5183333333333333,1.0007179975509644,1
2024-02-26 00:00:00+00:00,1.0000139474868774,1.0009959936141968,0.9995369911193848,1.0007179975509644,62980327478,1.7666666666666666,-0.0963795969552464,0.5266666666666667,1.0004019737243652,0
2024-02-29 00:00:00+00:00,1.001134991645813,1.0012340545654297,0.9989709854125975,1.0004019737243652,111968615893,1.8,-0.0954098353452152,0.5266666666666667,1.0006779432296753,1
2024-03-01 00:00:00+00:00,1.0003880262374878,1.001420974731445,0.9996070265769958,1.0006779432296753,76389482142,1.9333333333333331,-0.1535629913873142,0.56,1.001291036605835,1
2024-03-04 00:00:00+00:00,1.000465989112854,1.002100944519043,0.9996619820594788,1.001291036605835,123818816561,2.066666666666667,-0.1647091698977682,0.5655555555555556,1.0013079643249512,1
2024-03-05 00:00:00+00:00,1.0012880563735962,1.002133011817932,0.9986519813537598,1.0013079643249512,189867087465,2.066666666666667,-0.1962784431709184,0.5822222222222223,0.9998049736022948,0
2024-03-21 00:00:00+00:00,1.0001989603042605,1.0014619827270508,0.999305009841919,0.9998049736022948,87543595572,2.066666666666667,-0.2266621919804149,0.5988888888888889,1.000100016593933,1
2024-03-28 00:00:00+00:00,0.9996219873428344,1.0005710124969482,0.9991350173950196,1.000100016593933,73312354659,2.1,-0.2557522130343649,0.6155555555555556,1.000594973564148,1
2024-04-19 00:00:00+00:00,1.0005340576171875,1.0014760494232178,0.9996320009231568,1.000594973564148,84354523666,2.2333333333333334,-0.2664546945691108,0.6211111111111111,1.0000380277633667,0
2024-05-06 00:00:00+00:00,1.0003290176391602,1.0016130208969116,0.9995930194854736,1.0000380277633667,52931405950,2.1333333333333333,-0.2665060275793076,0.6211111111111111,0.9998679757118224,0
2024-05-09 00:00:00+00:00,0.9995890259742736,1.0011980533599854,0.9992690086364746,0.9998679757118224,46236991775,2.1333333333333333,-0.2665035927295685,0.6211111111111111,0.9998610019683838,0
2024-05-10 00:00:00+00:00,0.9998959898948668,1.0024319887161257,0.9993119835853576,0.9998610019683838,50244486838,2.066666666666667,-0.2360035627418094,0.6055555555555556,0.9995920062065125,0
2024-05-14 00:00:00+00:00,0.9998400211334229,1.0011470317840576,0.9990620017051696,0.9995920062065125,57380795961,2.066666666666667,-0.2710097093714608,0.6222222222222222,1.0000979900360107,1
2024-05-20 00:00:00+00:00,0.9999120235443116,1.0012190341949463,0.999472975730896,1.0000979900360107,86442004708,2.1,-0.3261217484209273,0.6555555555555556,0.9999039769172668,0
2024-06-09 00:00:00+00:00,0.9998229742050172,1.0001970529556274,0.9997190237045288,0.9999039769172668,38460275023,2.2,-0.3092870145373874,0.6472222222222223,0.9996820092201232,0
2024-06-12 00:00:00+00:00,0.9999399781227112,1.000440001487732,0.9994879961013794,0.9996820092201232,67692265125,2.2666666666666666,-0.3533488375610775,0.6694444444444444,0.9992930293083192,0
2024-06-16 00:00:00+00:00,0.9994379878044128,1.0001050233840942,0.9990389943122864,0.9992930293083192,31962850043,2.2666666666666666,-0.3567268135812547,0.6694444444444444,,0
